SkillTag,SkillLabel
ESCO.1,Haskell
ESCO.2,incremental development
ESCO.3,KDevelop
ESCO.4,Absorb (learning management systems)
ESCO.5,develop blockchain innovative architectures
ESCO.6,network engineering
ESCO.7,migrate existing data
ESCO.8,define database physical structure
ESCO.9,Maltego
ESCO.10,operate radio equipment
ESCO.11,Erlang
ESCO.12,manage ICT data classification
ESCO.13,information structure
ESCO.14,manage temporary ICT networks for live performance
ESCO.15,keep up with digital transformation of industrial processes
ESCO.16,set up office equipment
ESCO.17,SAS language
ESCO.18,use an application-specific interface
ESCO.19,design electrical systems
ESCO.20,define firewall rules
ESCO.21,operate warehouse record systems
ESCO.22,CryEngine
ESCO.23,use CAD for soles
ESCO.24,create 3D environments
ESCO.25,perform online data analysis
ESCO.26,manage IT security compliances
ESCO.27,keywords in digital content
ESCO.28,domain name service
ESCO.29,model medical devices
ESCO.30,use experience map
ESCO.31,captioning software
ESCO.32,blockchain signature schemes
ESCO.33,normalise data
ESCO.34,create prototype of user experience solutions
ESCO.35,apply system organisational policies
ESCO.36,propose ICT solutions to business problems
ESCO.37,calculate costs of repair operations
ESCO.38,property management software
ESCO.39,operate media integration systems
ESCO.40,computer simulation
ESCO.41,WizIQ
ESCO.42,administer ICT system
ESCO.43,execute social engineering tests
ESCO.44,manage research data
ESCO.45,digital printing
ESCO.46,Cain and Abel (penetration testing tool)
ESCO.47,systems development life-cycle
ESCO.48,transportation software related to an ERP system
ESCO.49,operate automated process control
ESCO.50,manage ICT change request process
ESCO.51,use interface description language
ESCO.52,plan migration to cloud
ESCO.53,use radar navigation
ESCO.54,implement route planning in smart mobility services
ESCO.55,Agile project management
ESCO.56,modern power signalling systems
ESCO.57,network management system tools
ESCO.58,use markup languages
ESCO.59,develop automated migration methods
ESCO.60,use modern electronic navigational aids
ESCO.61,translate formulae into processes
ESCO.62,manage donor database
ESCO.63,RAGE (digital game creation systems)
ESCO.64,assess integrated domotics systems
ESCO.65,Ruby (computer programming)
ESCO.66,Common Lisp
ESCO.67,collect weather-related data
ESCO.68,optimise fleet usability
ESCO.69,Apache Maven
ESCO.70,gather data
ESCO.71,deliver online training
ESCO.72,ICT network routing
ESCO.73,internal risk management policy
ESCO.74,assess ICT knowledge
ESCO.75,translate requirement concepts into content
ESCO.76,Lisp
ESCO.77,maintain freelance database
ESCO.78,digital game genres
ESCO.79,automotive engineering
ESCO.80,analyse decentralised applications
ESCO.81,assistive technology in education
ESCO.82,model power electronics
ESCO.83,green computing
ESCO.84,building systems monitoring technology
ESCO.85,transfer uncut audiovisual material to computer
ESCO.86,Informatica PowerCenter
ESCO.87,conduct analysis of ship data
ESCO.88,human-robot collaboration
ESCO.89,systems thinking
ESCO.90,Apache Tomcat
ESCO.91,edit negatives
ESCO.92,ethical hacking principles
ESCO.93,software UI design patterns
ESCO.94,Sass
ESCO.95,design cloud architecture
ESCO.96,establish an ICT security prevention plan
ESCO.97,use global distribution system
ESCO.98,hardware platforms
ESCO.99,design power electronics
ESCO.100,computer forensics
ESCO.101,marketing analytics
ESCO.102,information security strategy
ESCO.103,design interaction model
ESCO.104,interactive media
ESCO.105,test improved aeronautical information management systems
ESCO.106,mix ink
ESCO.107,maintain pricing database
ESCO.108,optical character recognition software
ESCO.109,particle animation
ESCO.110,Visual Basic
ESCO.111,alarm systems
ESCO.112,blockchain components
ESCO.113,business intelligence
ESCO.114,manage digital libraries
ESCO.115,telecommunications engineering
ESCO.116,solve technical problems
ESCO.117,Adobe Photoshop
ESCO.118,implement ICT security policies
ESCO.119,IBM InfoSphere DataStage
ESCO.120,provide connected car solutions
ESCO.121,operate electronic payment terminals
ESCO.122,energy saving potential of automated shift systems
ESCO.123,web analytics
ESCO.124,design firmware
ESCO.125,use e-health and mobile health technologies
ESCO.126,use e-services
ESCO.127,digital journalism
ESCO.128,utilise computer-aided software engineering tools
ESCO.129,Edmodo
ESCO.130,screen reader
ESCO.131,conduct impact evaluation of ICT processes on business
ESCO.132,apply 3D imaging techniques
ESCO.133,manage alarm system
ESCO.134,develop data link services for navigation purposes
ESCO.135,use spreadsheets software
ESCO.136,Java (computer programming)
ESCO.137,maintain information network hardware
ESCO.138,use a complex communication system
ESCO.139,creatively use digital technologies
ESCO.140,operate automatic cutting systems for footwear and leather goods
ESCO.141,record audio materials
ESCO.142,create animated narratives
ESCO.143,use data processing techniques
ESCO.144,MDX
ESCO.145,information architecture
ESCO.146,use creative suite software
ESCO.147,principles of animation
ESCO.148,cloud security and compliance
ESCO.149,use chromatography software
ESCO.150,Shiva (digital game creation systems)
ESCO.151,design pharmaceutical manufacturing systems
ESCO.152,wire security sensors
ESCO.153,OWASP ZAP
ESCO.154,"evaluate data, information and digital content"
ESCO.155,solution deployment
ESCO.156,Drupal
ESCO.157,manage changes in ICT system
ESCO.158,manage technical security systems
ESCO.159,identify blockchain innovation opportunities
ESCO.160,solve problems in gambling through digital means
ESCO.161,operate control panels
ESCO.162,crowdfunding
ESCO.163,Angular
ESCO.164,use specialised computer models for weather forecasting
ESCO.165,set up sound equipment
ESCO.166,keep up with the latest information systems solutions
ESCO.167,set up consumer electronics
ESCO.168,disassemble mobile devices
ESCO.169,design computer network
ESCO.170,repair lockable devices
ESCO.171,cryptocurrency
ESCO.172,embedded systems
ESCO.173,Engrade
ESCO.174,computer programming
ESCO.175,broadcast equipment
ESCO.176,automatic meter reading
ESCO.177,use water navigation devices
ESCO.178,use presentation software
ESCO.179,identify digital competence gaps
ESCO.180,Oracle Warehouse Builder
ESCO.181,interfacing techniques
ESCO.182,music and video industry
ESCO.183,software architecture models
ESCO.184,software frameworks
ESCO.185,decentralized application frameworks
ESCO.186,debug software
ESCO.187,manage aeronautical information management services
ESCO.188,motion capture
ESCO.189,use concurrent programming
ESCO.190,model based system engineering
ESCO.191,use rental management software
ESCO.192,data mining
ESCO.193,aircraft flight control systems
ESCO.194,set colour profiles
ESCO.195,LESS
ESCO.196,CAM software
ESCO.197,design a domotic system in buildings
ESCO.198,supervise video and motion picture editing team
ESCO.199,Adobe Illustrator
ESCO.200,create a crowdfunding campaign
ESCO.201,align software with system architectures
ESCO.202,food waste monitoring systems
ESCO.203,Nessus
ESCO.204,perform forensic preservations of digital devices
ESCO.205,operate voice picking systems
ESCO.206,design infrastructure for surface mines
ESCO.207,prepare exhibition marketing plan
ESCO.208,blockchain architecture
ESCO.209,cutting technologies
ESCO.210,manage database
ESCO.211,report live online
ESCO.212,manage system security
ESCO.213,use media software
ESCO.214,speech recognition
ESCO.215,3D printing process
ESCO.216,develop translation memory software
ESCO.217,use computer telephony integration
ESCO.218,operate open source software
ESCO.219,collaborate through digital technologies
ESCO.220,electronic locks
ESCO.221,use capturing systems for live performance
ESCO.222,use software design patterns
ESCO.223,collect mapping data
ESCO.224,perform data analysis
ESCO.225,Prolog (computer programming)
ESCO.226,design process
ESCO.227,use logic programming
ESCO.228,translate requirements into visual design
ESCO.229,establish data processes
ESCO.230,ICT network security risks
ESCO.231,create digital files
ESCO.232,operate tote board
ESCO.233,computer history
ESCO.234,Octopus Deploy
ESCO.235,maintain irrigation controllers
ESCO.236,operate port communications systems
ESCO.237,use meteorological tools to forecast meteorological conditions
ESCO.238,OpenEdge Advanced Business Language
ESCO.239,conduct video telemetry
ESCO.240,operate two-way radio systems
ESCO.241,create concept of digital game
ESCO.242,support audio system installation
ESCO.243,use ICT systems
ESCO.244,micro mobility devices
ESCO.245,set up multimedia equipment
ESCO.246,procurement of ICT network equipment
ESCO.247,machine translation
ESCO.248,use polygonal modelling
ESCO.249,carry out research on ground systems
ESCO.250,protect personal data and privacy
ESCO.251,output electronic files
ESCO.252,Iterative development
ESCO.253,digital identity management
ESCO.254,process data from railway control rooms
ESCO.255,visual presentation techniques
ESCO.256,pay-per-click
ESCO.257,ICT hardware specifications
ESCO.258,manage library users queries
ESCO.259,test power electronics
ESCO.260,manage multi frequency wireless signal distribution
ESCO.261,printing on large scale machines
ESCO.262,use thermal management
ESCO.263,digitise documents
ESCO.264,create online news content
ESCO.265,geographic information systems
ESCO.266,e-procurement
ESCO.267,apply tools for content development
ESCO.268,apply statistical analysis techniques
ESCO.269,do cloud refactoring
ESCO.270,knowledge base
ESCO.271,digital systems
ESCO.272,run a media server
ESCO.273,explain blockchain implications
ESCO.274,machine learning
ESCO.275,CADD software
ESCO.276,Oracle Data Integrator
ESCO.277,create software design
ESCO.278,ICT quality policy
ESCO.279,distributed ledger technology
ESCO.280,create SCORM packages
ESCO.281,use specialised design software
ESCO.282,use software for data preservation
ESCO.283,use computer-aided engineering systems
ESCO.284,observe celestial objects
ESCO.285,operate maritime communication equipment
ESCO.286,digital compositing
ESCO.287,JavaScript
ESCO.288,decision support systems
ESCO.289,DB2
ESCO.290,optimise choice of ICT solution
ESCO.291,Microsoft Access
ESCO.292,file documents
ESCO.293,design web-based courses
ESCO.294,assemble hardware components
ESCO.295,ICT accessibility standards
ESCO.296,perform dimensionality reduction
ESCO.297,3D texturing
ESCO.298,printed circuit boards testing methods
ESCO.299,data warehouse
ESCO.300,XQuery
ESCO.301,design ICT hardware placement
ESCO.302,ICT security standards
ESCO.303,share through digital technologies
ESCO.304,Perl
ESCO.305,provide online help
ESCO.306,test ground system performance
ESCO.307,create advocacy material
ESCO.308,distribute control signals
ESCO.309,collect real-time geolocation information
ESCO.310,use pipeline video equipment
ESCO.311,provide ICT system training
ESCO.312,monitor quality of broadcasts
ESCO.313,industrial software
ESCO.314,analyse blockchain use cases
ESCO.315,perform data mining
ESCO.316,Pentaho Data Integration
ESCO.317,emergent technologies
ESCO.318,Smalltalk (computer programming)
ESCO.319,identify technological needs
ESCO.320,PHP
ESCO.321,software anomalies
ESCO.322,database
ESCO.323,digital marketing techniques
ESCO.324,OpenEdge Database
ESCO.325,respond to incidents in cloud
ESCO.326,operate video equipment
ESCO.327,use geographic information systems
ESCO.328,use databases
ESCO.329,create game testing software
ESCO.330,recognise blockchain application areas
ESCO.331,Xcode
ESCO.332,video-games trends
ESCO.333,operate stowage programmes
ESCO.334,supercomputing
ESCO.335,install mechatronic equipment
ESCO.336,decentralised identifiers 
ESCO.337,use technology for forensics
ESCO.338,image recognition
ESCO.339,assess users' interaction with ICT applications
ESCO.340,inter-organisational middleware system 
ESCO.341,integrate ICT data
ESCO.342,prevent technical problems with media integration systems
ESCO.343,develop computer vision system
ESCO.344,manage radiology information system
ESCO.345,use performance 3D visualisation techniques 
ESCO.346,analyse big data
ESCO.347,Assembly (computer programming)
ESCO.348,system backup best practice
ESCO.349,Spiral development
ESCO.350,analyse pipeline database information
ESCO.351,software components libraries
ESCO.352,add computer components
ESCO.353,Schoology
ESCO.354,data engineering
ESCO.355,establish an Information Security Management System
ESCO.356,compile GIS-data
ESCO.357,ObjectStore
ESCO.358,smart contract programming languages
ESCO.359,Chef (tools for software configuration management)
ESCO.360,electronic and telecommunication equipment
ESCO.361,customise software for drive system
ESCO.362,GIMP (graphics editor software)
ESCO.363,apply desktop publishing techniques
ESCO.364,use business simulation tools
ESCO.365,hardware components
ESCO.366,implement ICT coding conventions
ESCO.367,prepare sound equipment on stage
ESCO.368,search engines
ESCO.369,C#
ESCO.370,tend CNC milling machine
ESCO.371,microsystem test procedures
ESCO.372,analyse scanned data of the body
ESCO.373,manage ICT data architecture
ESCO.374,"manage data, information and digital content"
ESCO.375,MySQL
ESCO.376,design cloud networks
ESCO.377,use specialised equipment
ESCO.378,TripleStore
ESCO.379,design failover solutions
ESCO.380,evaluate blockchain architectures
ESCO.381,telecommunication trunking
ESCO.382,manage findable accessible interoperable and reusable data
ESCO.383,upgrade firmware
ESCO.384,handle geospatial technologies
ESCO.385,firmware
ESCO.386,carry out bibliographic work
ESCO.387,control systems
ESCO.388,put uncut recordings into computer
ESCO.389,attack vectors
ESCO.390,Metasploit
ESCO.391,build recommender systems
ESCO.392,internet governance
ESCO.393,social media marketing techniques
ESCO.394,perform data cleansing
ESCO.395,tend CNC metal punch press
ESCO.396,R
ESCO.397,set up audiovisual peripheral equipment
ESCO.398,identify market requirements for ICT documentation
ESCO.399,model electromagnetic products
ESCO.400,use e-tourism platforms
ESCO.401,test hardware
ESCO.402,use functional neuroimaging
ESCO.403,Groovy
ESCO.404,manage online communications
ESCO.405,social media management
ESCO.406,use electronic health records management system
ESCO.407,create a product's virtual model
ESCO.408,hardware testing methods
ESCO.409,analyse ecological data
ESCO.410,Vyper
ESCO.411,use technical drawing software
ESCO.412,analyse network configuration and performance
ESCO.413,create digital game characters
ESCO.414,use production planning software
ESCO.415,algorithms
ESCO.416,LAMS
ESCO.417,manage information access aids
ESCO.418,online gambling
ESCO.419,set up cybersecurity training programmes
ESCO.420,use CADD software
ESCO.421,proxy servers
ESCO.422,conduct clinical software research
ESCO.423,Aircrack (penetration testing tool)
ESCO.424,Codenvy
ESCO.425,use software tools for site modelling
ESCO.426,repair mobile devices
ESCO.427,artificial neural networks
ESCO.428,medical imaging technology
ESCO.429,use content management system software
ESCO.430,ASP.NET
ESCO.431,digital camera sensors
ESCO.432,repair maritime communication equipment
ESCO.433,manage quantitative data
ESCO.434,operate seismic equipment
ESCO.435,use online tools to collaborate
ESCO.436,set up documentation control system
ESCO.437,Backbox (penetration testing tool)
ESCO.438,manage membership database
ESCO.439,cyber attack counter-measures
ESCO.440,set up media integration systems
ESCO.441,use remote control equipment
ESCO.442,APL
ESCO.443,SQL
ESCO.444,technical drawings
ESCO.445,maintain sensor equipment
ESCO.446,weigh in motion system
ESCO.447,coordinate audio system programmes
ESCO.448,integrate and re-elaborate digital content
ESCO.449,scientific computing
ESCO.450,program sound cues
ESCO.451,develop geological databases
ESCO.452,use object-oriented programming
ESCO.453,develop inclusive communication material
ESCO.454,object-oriented modelling
ESCO.455,synchronise with mouth movements
ESCO.456,WebCMS
ESCO.457,use ICT resources to solve work related tasks
ESCO.458,demonstrate functionality of software products
ESCO.459,adapt to new technology used in cars
ESCO.460,manage online volunteers
ESCO.461,blockchain applications
ESCO.462,perform video editing
ESCO.463,communicate using the global maritime distress and safety system
ESCO.464,use thermal analysis
ESCO.465,plan software testing
ESCO.466,maintain computerised records of railway traffic
ESCO.467,virtual reality
ESCO.468,use access control software
ESCO.469,SPARQL
ESCO.470,apply colour grading
ESCO.471,research website users
ESCO.472,control production flow remotely
ESCO.473,use scripting programming
ESCO.474,e-learning
ESCO.475,create digital images
ESCO.476,develop digital content
ESCO.477,collection management software
ESCO.478,use free typing techniques
ESCO.479,ICT debugging tools
ESCO.480,Brightspace (learning management systems)
ESCO.481,Solidity
ESCO.482,ICT capacity planning strategies
ESCO.483,define celestial bodies
ESCO.484,store digital data and systems
ESCO.485,design a media integration system 
ESCO.486,deploy cloud resource
ESCO.487,select recording source
ESCO.488,integrated circuit types
ESCO.489,hardware materials
ESCO.490,Kali Linux
ESCO.491,ICT sales methodologies
ESCO.492,test wireless devices
ESCO.493,promote virtual reality travelling experiences 
ESCO.494,roofing drones
ESCO.495,analyse stress resistance of products
ESCO.496,online job platforms
ESCO.497,quantitative analysis
ESCO.498,improve customer traveling experiences with augmented reality
ESCO.499,Outsourcing model
ESCO.500,Puppet (tools for software configuration management)
ESCO.501,use ICT ticketing system
ESCO.502,programmable logic controller
ESCO.503,use ICT hardware
ESCO.504,manage disaster recovery plans
ESCO.505,plot show control cues
ESCO.506,use computer programs to improve patients' skills
ESCO.507,apply social media marketing
ESCO.508,data visualisation software
ESCO.509,blockchain application areas 
ESCO.510,building automation
ESCO.511,smart contract
ESCO.512,hybrid model
ESCO.513,analyse blood samples
ESCO.514,stay up to date with social media
ESCO.515,adjust video transmissions
ESCO.516,use analytics for commercial purposes
ESCO.517,operate automated stage movement control system
ESCO.518,manage meteorological database
ESCO.519,information extraction
ESCO.520,utilise regular expressions
ESCO.521,blockchain concept application
ESCO.522,web programming
ESCO.523,implement ICT risk management
ESCO.524,STAF
ESCO.525,printed circuit boards
ESCO.526,develop automated software tests
ESCO.527,audit techniques
ESCO.528,operate imagesetter
ESCO.529,Waterfall development
ESCO.530,maintain responsive design
ESCO.531,manage office facility systems
ESCO.532,create 3D characters
ESCO.533,maintain system logs
ESCO.534,operate digital hardware
ESCO.535,process collected survey data
ESCO.536,Vagrant
ESCO.537,maintain broadcast equipment
ESCO.538,Monte Carlo simulation
ESCO.539,develop with cloud services
ESCO.540,Eclipse (integrated development environment software)
ESCO.541,draw up stage layouts digitally
ESCO.542,design database scheme
ESCO.543,consumer electronics
ESCO.544,learning management systems
ESCO.545,technically design a sound system
ESCO.546,WordPress
ESCO.547,test sensors
ESCO.548,conserve new media
ESCO.549,maintain audiovisual equipment
ESCO.550,ICT communications protocols
ESCO.551,3D lighting
ESCO.552,global navigation satellite system performance parameters
ESCO.553,solve location and navigation problems by using GPS tools
ESCO.554,tend CNC grinding machine
ESCO.555,SQL Server Integration Services
ESCO.556,Ansible
ESCO.557,use methods of logistical data analysis
ESCO.558,ICT system integration
ESCO.559,study website behaviour patterns
ESCO.560,broadcast using Internet Protocol
ESCO.561,Cisco
ESCO.562,sensors
ESCO.563,building's electronic access equipment
ESCO.564,Oracle WebLogic
ESCO.565,Prince2 project management
ESCO.566,implement data quality processes
ESCO.567,unified modelling language
ESCO.568,adobe creative suite
ESCO.569,deploy ICT systems
ESCO.570,transmission technology
ESCO.571,automatic control system
ESCO.572,utilise content types
ESCO.573,develop ICT test suite
ESCO.574,install image equipment
ESCO.575,operate an audio mixing console
ESCO.576,maintain robotic equipment
ESCO.577,operate relational database management system
ESCO.578,plan digital marketing
ESCO.579,use communication equipment
ESCO.580,digital twin technology
ESCO.581,operate 2D CAD for footwear
ESCO.582,perform ICT troubleshooting
ESCO.583,task algorithmisation
ESCO.584,locate microchip in animals
ESCO.585,plan social media marketing campaigns
ESCO.586,online ads campaign techniques
ESCO.587,develop ICT workflow
ESCO.588,tools for ICT test automation
ESCO.589,design brand's online communication plan
ESCO.590,operate control systems
ESCO.591,use query languages
ESCO.592,create CAD drawings
ESCO.593,use CAD for heels
ESCO.594,read 3D displays
ESCO.595,NoSQL
ESCO.596,maintain a central project repository
ESCO.597,identify software for warehouse management
ESCO.598,computational fluid dynamics
ESCO.599,ICT help platforms
ESCO.600,design circuit boards
ESCO.601,ICT security legislation
ESCO.602,conduct threat intelligence
ESCO.603,provide software testing documentation
ESCO.604,use internet to increase sales
ESCO.605,technology education
ESCO.606,test microelectronics
ESCO.607,perform software unit testing
ESCO.608,develop software prototype
ESCO.609,smart grids systems
ESCO.610,use communication devices
ESCO.611,collect ICT data
ESCO.612,modify textile designs
ESCO.613,use CAM software
ESCO.614,robotic components
ESCO.615,monitor automated machines
ESCO.616,convert scribbles into virtual sketches
ESCO.617,analyse ICT system
ESCO.618,computer vision
ESCO.619,GameSalad
ESCO.620,computer science
ESCO.621,John The Ripper (penetration testing tool)
ESCO.622,operate private branch exchange
ESCO.623,use a warehouse management system
ESCO.624,blockchain-based services regulation
ESCO.625,use typesetting software
ESCO.626,use IT systems for commercial purposes
ESCO.627,operate automated optical inspection machine
ESCO.628,use automatic programming
ESCO.629,develop shipping itineraries
ESCO.630,develop virtual game engine
ESCO.631,predictive maintenance
ESCO.632,operate on-board computer systems
ESCO.633,"design the digital interface of gambling, betting and lottery games"
ESCO.634,keep up-to-date to computer trends
ESCO.635,execute ICT audits
ESCO.636,design database in the cloud
ESCO.637,animate 3D organic forms
ESCO.638,attend to ICT systems quality
ESCO.639,assessment of risks and threats
ESCO.640,telecom regulations
ESCO.641,graphic design
ESCO.642,learning technologies
ESCO.643,assemble robots
ESCO.644,manage online gambling
ESCO.645,cyber security
ESCO.646,manage flight data communications programme
ESCO.647,e-tailoring
ESCO.648,use word processing software
ESCO.649,handle cybersecurity incidents
ESCO.650,install automation components
ESCO.651,IBM InfoSphere Information Server
ESCO.652,ATM systems
ESCO.653,evaluate information services using metrics
ESCO.654,CAE software
ESCO.655,simulate transport problems
ESCO.656,use back-up and recovery tools
ESCO.657,define roadmap for blockchain in applications
ESCO.658,service-oriented modelling
ESCO.659,innovate in ICT
ESCO.660,remove computer virus or malware from a computer
ESCO.661,utilise machine learning
ESCO.662,Microsoft Visual C++
ESCO.663,self-service technologies in tourism
ESCO.664,oversee development of software
ESCO.665,configure media integration systems
ESCO.666,IBM Informix
ESCO.667,core banking software
ESCO.668,create database diagrams
ESCO.669,set scanner controls
ESCO.670,SketchBook Pro
ESCO.671,produce textile designs
ESCO.672,develop ICT device driver
ESCO.673,contribute to development of biometric systems
ESCO.674,levels of software testing
ESCO.675,manage ICT legacy implication
ESCO.676,install electronic communication equipment
ESCO.677,prepare detailed working drawings for interior design
ESCO.678,TypeScript
ESCO.679,operate signal generator
ESCO.680,World Wide Web Consortium standards
ESCO.681,Microsoft Visio
ESCO.682,assistive instruments
ESCO.683,Oracle Application Development Framework
ESCO.684,JSSS
ESCO.685,analyse clothing 3d prototypes
ESCO.686,maintain data entry requirements
ESCO.687,improve user-friendliness
ESCO.688,manage computer-based transport operation control systems
ESCO.689,tend CNC drilling machine
ESCO.690,distributed computing
ESCO.691,quantum technology
ESCO.692,implement smart contracts
ESCO.693,computer engineering
ESCO.694,use a telecine
ESCO.695,microprocessors
ESCO.696,BlackArch
ESCO.697,develop e-learning plan
ESCO.698,operate remote broadcast equipment
ESCO.699,motion graphics
ESCO.700,use software libraries
ESCO.701,blockchain terminology
ESCO.702,e-learning software infrastructure
ESCO.703,Ajax Framework
ESCO.704,apply precision farming
ESCO.705,operate medical imaging equipment
ESCO.706,record data from biomedical tests
ESCO.707,use shorthand computer program
ESCO.708,maintain automated lighting equipment
ESCO.709,log transmitter readings
ESCO.710,manage dispatch software systems
ESCO.711,cloud monitoring and reporting
ESCO.712,analyse milk control test results
ESCO.713,design process for blockchain-based systems
ESCO.714,digital curation
ESCO.715,operate train integrated electronic control centre
ESCO.716,Wireshark
ESCO.717,forecast future ICT network needs
ESCO.718,interpret graphical recordings of rail-flaw-detection machine
ESCO.719,software design methodologies
ESCO.720,use digital illustration techniques
ESCO.721,use 3D scanners for clothing
ESCO.722,web application security threats
ESCO.723,blockchain platforms
ESCO.724,create data sets
ESCO.725,perform computer analyses of geotechnical structures
ESCO.726,acquire system component
ESCO.727,airspace system block upgrades
ESCO.728,human-computer interaction
ESCO.729,maintain projection equipment
ESCO.730,execute software tests
ESCO.731,maritime telecommunications
ESCO.732,monitor system performance
ESCO.733,use reservoir surveillance
ESCO.734,perform image editing
ESCO.735,integrated development environment software
ESCO.736,apply digital mapping
ESCO.737,oversee aircraft sensor and recording systems
ESCO.738,Grovo
ESCO.739,provide training on e-learning
ESCO.740,information categorisation
ESCO.741,develop blockchain technology
ESCO.742,web based collaborative platforms
ESCO.743,digital image processing
ESCO.744,create freight rate databases
ESCO.745,ICT project management
ESCO.746,research remote sensing technologies
ESCO.747,electronics
ESCO.748,use computer-aided translation
ESCO.749,digital game creation systems
ESCO.750,Rapid application development
ESCO.751,apply ICT system usage policies
ESCO.752,manage content metadata
ESCO.753,e-agriculture
ESCO.754,mobile operating systems
ESCO.755,manage software releases
ESCO.756,3D modelling
ESCO.757,data analytics
ESCO.758,QlikView Expressor
ESCO.759,operate GPS systems
ESCO.760,use customer relationship management software
ESCO.761,business analytics
ESCO.762,blockchain applications security principles
ESCO.763,resource description framework query language
ESCO.764,CoffeeScript
ESCO.765,Objective-C
ESCO.766,healthcare data systems
ESCO.767,computer equipment
ESCO.768,ABBYY FineReader
ESCO.769,record multi-track sound
ESCO.770,use CAE software
ESCO.771,lay out digital written content
ESCO.772,JavaScript Framework
ESCO.773,design circuits using CAD
ESCO.774,balance database resources
ESCO.775,control objectives for information and related technology
ESCO.776,3D body scanning technologies
ESCO.777,prepare digital art for master photograph
ESCO.778,id Tech
ESCO.779,plan marketing campaigns
ESCO.780,edit digital moving images
ESCO.781,ICT software specifications
ESCO.782,estimate costs of installing telecommunication devices
ESCO.783,query languages
ESCO.784,"data extraction, transformation and loading tools"
ESCO.785,conduct ICT code review
ESCO.786,tools for software configuration management
ESCO.787,develop reporting software
ESCO.788,employ habitat survey techniques
ESCO.789,solve ICT system problems
ESCO.790,create thematic maps
ESCO.791,use sound measuring instruments
ESCO.792,database development tools
ESCO.793,data mining methods
ESCO.794,HeroEngine
ESCO.795,manage data
ESCO.796,computational linguistics
ESCO.797,mobility as a service
ESCO.798,automated optical inspection
ESCO.799,aquaculture production planning software
ESCO.800,conduct search engine optimisation
ESCO.801,interact through digital technologies
ESCO.802,search databases
ESCO.803,video-games functionalities
ESCO.804,Project Anarchy
ESCO.805,perform scrambling operations
ESCO.806,use computerised maintenance management systems
ESCO.807,hybrid control systems
ESCO.808,CAD software
ESCO.809,plan ICT capacity
ESCO.810,operate echo sounding equipment
ESCO.811,file-based workflow
ESCO.812,produce scanned images
ESCO.813,operate mailing information systems
ESCO.814,ICT problem management techniques
ESCO.815,collect customer data
ESCO.816,data protection
ESCO.817,use electronic health records in nursing
ESCO.818,design information system
ESCO.819,web strategy assessment
ESCO.820,locate fossils
ESCO.821,define integration strategy
ESCO.822,manufacturer's instructions for audiovisual equipment
ESCO.823,execute ICT user research activities
ESCO.824,ML (computer programming)
ESCO.825,IBM WebSphere
ESCO.826,use mine planning software
ESCO.827,create 3D CAD footwear prototypes
ESCO.828,audio technology
ESCO.829,unmanned air systems
ESCO.830,information confidentiality
ESCO.831,inspect data
ESCO.832,monitor online competitors
ESCO.833,LDAP
ESCO.834,multimedia systems
ESCO.835,electronic business
ESCO.836,graphics editor software
ESCO.837,install blinds drive systems
ESCO.838,colour grade images with digital intermediate
ESCO.839,Havok Vision
ESCO.840,apply reverse engineering
ESCO.841,data storage
ESCO.842,develop online community plan
ESCO.843,manage data collection systems
ESCO.844,Litmos
ESCO.845,digital media
ESCO.846,PostgreSQL
ESCO.847,intellectual property regime of digital content
ESCO.848,Sakai
ESCO.849,specify digital game scenes
ESCO.850,operate electronic measuring instruments
ESCO.851,analyse stress resistance of materials
ESCO.852,execute conversion testing
ESCO.853,digitization
ESCO.854,database management systems
ESCO.855,evaluate cost of software products
ESCO.856,maintain ICT identity management
ESCO.857,design database backup specifications
ESCO.858,operate digital printers
ESCO.859,augmented reality
ESCO.860,manage content development projects
ESCO.861,implement a virtual private network
ESCO.862,oversee clinical information system activities
ESCO.863,statistical analysis system software
ESCO.864,data security principles
ESCO.865,manage ICT virtualisation environments
ESCO.866,use sales forecasting softwares
ESCO.867,develop food scanner devices
ESCO.868,maintain radio communications equipment
ESCO.869,design chassis
ESCO.870,develop code exploits
ESCO.871,operate broadcast equipment
ESCO.872,outline blockchain-based identity management
ESCO.873,SPARK
ESCO.874,assist multimedia operator
ESCO.875,blockchain
ESCO.876,Parrot Security OS
ESCO.877,computer graphics
ESCO.878,use digital instruments
ESCO.879,design application interfaces
ESCO.880,manage closed-circuit television system
ESCO.881,Unreal Engine
ESCO.882,use communication and collaboration software
ESCO.883,online analytical processing
ESCO.884,Synfig
ESCO.885,ICT system programming
ESCO.886,tend CNC laser cutting machine
ESCO.887,e-commerce systems
ESCO.888,manage environmental management system
ESCO.889,adjust ICT system capacity
ESCO.890,Open source model
ESCO.891,WildFly
ESCO.892,medical informatics
ESCO.893,perform pill branding
ESCO.894,convert into animated object
ESCO.895,use CAD software
ESCO.896,assemble video tape footage
ESCO.897,apply blended learning
ESCO.898,configuration of the tote room hardware
ESCO.899,manage production systems
ESCO.900,configure ICT system
ESCO.901,types of satellites
ESCO.902,advise customers on type of computer equipment
ESCO.903,blockchain history
ESCO.904,repair ICT devices
ESCO.905,AJAX
ESCO.906,operate audio equipment
ESCO.907,database quality standards
ESCO.908,C++
ESCO.909,provide guidelines for content development
ESCO.910,develop digital educational materials
ESCO.911,manage digital documents
ESCO.912,work with virtual learning environments
ESCO.913,instrumentation engineering
ESCO.914,teach computer science
ESCO.915,ensure adherence to organisational ICT standards
ESCO.916,microelectromechanical systems
ESCO.917,mobile device software frameworks
ESCO.918,Computer Assisted Language Learning
ESCO.919,Filemaker (database management systems)
ESCO.920,operate computerised control systems
ESCO.921,repair equipment on site
ESCO.922,manage archive users guidelines
ESCO.923,digital arts
ESCO.924,model optical systems
ESCO.925,maintain internet protocol configuration
ESCO.926,perform virtual simulation 
ESCO.927,BlackBerry
ESCO.928,trading software
ESCO.929,conduct web searches
ESCO.930,hardware industry
ESCO.931,create GIS reports
ESCO.932,Samurai Web Testing Framework
ESCO.933,develop statistical software
ESCO.934,computational mechanics
ESCO.935,implement anti-virus software
ESCO.936,define ICT network design policies
ESCO.937,mix live images
ESCO.938,SAP R3
ESCO.939,model hardware
ESCO.940,use e-procurement
ESCO.941,manage digital identity
ESCO.942,use audio reproduction software
ESCO.943,install monitors for process control
ESCO.944,cloud technologies
ESCO.945,health technology assessment 
ESCO.946,measure software usability
ESCO.947,Frostbite (digital game creation systems)
ESCO.948,types of audiovisual formats
ESCO.949,create 3D texture map
ESCO.950,test system accessibility for users with special needs
ESCO.951,Swift (computer programming)
ESCO.952,ICT project management methodologies
ESCO.953,Moodle
ESCO.954,design hardware
ESCO.955,control engineering
ESCO.956,manage software localisation
ESCO.957,apply basic programming skills
ESCO.958,use colour printing programs
ESCO.959,real-time computing
ESCO.960,implement ICT network diagnostic tools
ESCO.961,program a CNC controller
ESCO.962,design microelectromechanical systems
ESCO.963,prepare visual data
ESCO.964,guide learners in using assistive technologies
ESCO.965,SQL Server
ESCO.966,integrate content into output media
ESCO.967,implement cloud security and compliance
ESCO.968,museum databases
ESCO.969,manage online content
ESCO.970,compile data for navigation publications
ESCO.971,edit recorded sound
ESCO.972,provide ICT support
ESCO.973,style sheet languages
ESCO.974,design dolls
ESCO.975,implement spam protection
ESCO.976,perform safety data analysis
ESCO.977,specialised astrology software
ESCO.978,install operating system
ESCO.979,MATLAB
ESCO.980,deliver visual presentation of data
ESCO.981,rig 3D characters
ESCO.982,ICT architectural frameworks
ESCO.983,desktop publishing
ESCO.984,CAD for footwear
ESCO.985,tend computer numerical control lathe machine
ESCO.986,implement front-end website design
ESCO.987,application usability
ESCO.988,protect the environment from the impact of the digital technologies
ESCO.989,blockchain design patterns
ESCO.990,design electromechanical systems
ESCO.991,unstructured data
ESCO.992,CA Datacom/DB
ESCO.993,cut raw footage digitally
ESCO.994,operate radar equipment
ESCO.995,computerised feeding systems
ESCO.996,advise on online dating
ESCO.997,Salt (tools for software configuration management)
ESCO.998,use intranet
ESCO.999,maintain computer hardware
ESCO.1000,LINQ
ESCO.1001,set up tote board
ESCO.1002,Source (digital game creation systems)
ESCO.1003,install software
ESCO.1004,teach digital literacy
ESCO.1005,work with e-services available to citizens
ESCO.1006,use specific data analysis software
ESCO.1007,online moderation techniques
ESCO.1008,ICT recovery techniques
ESCO.1009,cognitive computing
ESCO.1010,ICT system user requirements
ESCO.1011,transcribe texts
ESCO.1012,audio editing software
ESCO.1013,manage standards for data exchange
ESCO.1014,use ultrasonic equipment
ESCO.1015,apply ICT systems theory
ESCO.1016,operate audio-signal processors
ESCO.1017,projection equipment
ESCO.1018,monitor ICT research
ESCO.1019,data quality assessment
ESCO.1020,Python (computer programming)
ESCO.1021,business ICT systems
ESCO.1022,Gamemaker Studio
ESCO.1023,use pest detection sensors
ESCO.1024,distributed ledger technologies vulnerabilities
ESCO.1025,systems theory
ESCO.1026,draw sketches to develop textile articles using softwares
ESCO.1027,iOS
ESCO.1028,explain distributed ledger technologies principles
ESCO.1029,manage system testing
ESCO.1030,model microelectronics
ESCO.1031,automate cloud tasks
ESCO.1032,program firmware
ESCO.1033,office software
ESCO.1034,perform backups
ESCO.1035,mobile device management
ESCO.1036,signal processing
ESCO.1037,Canvas (learning management systems)
ESCO.1038,manage website
ESCO.1039,scan negatives
ESCO.1040,ICT infrastructure
ESCO.1041,operate life-saving appliances
ESCO.1042,apply operations for an ITIL-based environment
ESCO.1043,log emergency call information electronically
ESCO.1044,have computer literacy
ESCO.1045,type on electronic devices
ESCO.1046,Unity (digital game creation systems)
ESCO.1047,distributed directory information services
ESCO.1048,protect health and well-being while using digital technologies
ESCO.1049,supervise video quality
ESCO.1050,recognise blockchain risks
ESCO.1051,Joomla
ESCO.1052,use functional programming
ESCO.1053,manage cloud data and storage
ESCO.1054,ICT encryption
ESCO.1055,coordinate the allocation of Mode S radars to Interrogator Codes
ESCO.1056,interpret automatic call distribution data
ESCO.1057,GDPR
ESCO.1058,authoring software
ESCO.1059,Adobe Photoshop Lightroom
ESCO.1060,use ICT equipment in maintenance activities
ESCO.1061,identify GIS issues
ESCO.1062,operate dealership management system
ESCO.1063,design control systems
ESCO.1064,quality control systems
ESCO.1065,Scratch (computer programming)
ESCO.1066,Process-based management
ESCO.1067,smart city features
ESCO.1068,computational chemistry
ESCO.1069,blockchain-based business models
ESCO.1070,operate collating machine
ESCO.1071,types of digital badges
ESCO.1072,publishing strategy
ESCO.1073,maintain database performance
ESCO.1074,ICT network cable limitations
ESCO.1075,transfer medical information
ESCO.1076,maintain media integration equipment 
ESCO.1077,network standards
ESCO.1078,video conferencing tool
ESCO.1079,domotic systems
ESCO.1080,create digital content
ESCO.1081,ethics of sharing work through social media
ESCO.1082,operate scanner
ESCO.1083,apply ICT terminology
ESCO.1084,Taleo
ESCO.1085,Android (mobile operating systems)
ESCO.1086,collect data using GPS
ESCO.1087,CAD for garment manufacturing
ESCO.1088,post-processing of photographs
ESCO.1089,vehicle-to-everything technologies
ESCO.1090,set up the controller of a machine
ESCO.1091,Teradata Database
ESCO.1092,analyse network bandwidth requirements
ESCO.1093,lean project management
ESCO.1094,manage open publications
ESCO.1095,program home alarm systems
ESCO.1096,identify ICT system weaknesses
ESCO.1097,support ICT system users
ESCO.1098,use mathematical tools and equipment
ESCO.1099,Agile development
ESCO.1100,assemble telecommunications devices
ESCO.1101,standards for web-based e-learning
ESCO.1102,VBScript
ESCO.1103,reed sensors
ESCO.1104,develop ICT safety information
ESCO.1105,align antennae with receiving dishes
ESCO.1106,test computer hardware
ESCO.1107,lead disaster recovery exercises
ESCO.1108,computer technology
ESCO.1109,create weather maps
ESCO.1110,identify ICT user needs
ESCO.1111,software interaction design
ESCO.1112,penetration testing tool
ESCO.1113,maintain stock control systems
ESCO.1114,Oracle Relational Database
ESCO.1115,electronic communication
ESCO.1116,COBOL
ESCO.1117,utilise decision support system
ESCO.1118,edit photographs
ESCO.1119,maintain control systems for automated equipment
ESCO.1120,protect ICT devices
ESCO.1121,conduct radiotherapy computer planning
ESCO.1122,provide multimedia content
ESCO.1123,design for organisational complexity
ESCO.1124,hardware architectures
ESCO.1125,analyse gambling data
ESCO.1126,monitor communication channels' performance
ESCO.1127,maintain warehouse database
ESCO.1128,call-centre technologies
ESCO.1129,establish an ICT customer support process
ESCO.1130,troubleshoot website
ESCO.1131,advanced driver assistant systems
ESCO.1132,compare survey computations
ESCO.1133,product data management
ESCO.1134,test ICT queries
ESCO.1135,monitor satellites
ESCO.1136,design ventilation network
ESCO.1137,evaluate musical ideas
ESCO.1138,track changes in text editing
ESCO.1139,prepare well data sheets
ESCO.1140,"browse, search and filter data, information and digital content"
ESCO.1141,Hadoop
ESCO.1142,computational biology
ESCO.1143,principles of artificial intelligence
ESCO.1144,operate bale presses
ESCO.1145,study radar images
ESCO.1146,ICT market
ESCO.1147,SAS Data Management
ESCO.1148,implement a firewall
ESCO.1149,manage keys for data protection
ESCO.1150,CSS
ESCO.1151,audiovisual equipment
ESCO.1152,create 2D painting
ESCO.1153,develop design plans
ESCO.1154,software components suppliers
ESCO.1155,maintain up-to-date aeronautical information management services
ESCO.1156,content development processes
ESCO.1157,WhiteHat Sentinel
ESCO.1158,render 3D images
ESCO.1159,MarkLogic
ESCO.1160,audio mastering
ESCO.1161,plot shipping navigation routes
ESCO.1162,robotics
ESCO.1163,Pascal (computer programming)
ESCO.1164,operate sound live
ESCO.1165,create moving images
ESCO.1166,set up automotive robot
ESCO.1167,use pattern-cutting softwares
ESCO.1168,execute integration testing
ESCO.1169,interpret graphical communication interfaces
ESCO.1170,design optical prototypes
ESCO.1171,ABAP
ESCO.1172,use session border controller
ESCO.1173,develop online sales business plan
ESCO.1174,replicate customer software issues
ESCO.1175,draft corporate emails
ESCO.1176,adjust hearing aids
ESCO.1177,set up basic recording
ESCO.1178,maintain database security
ESCO.1179,use translation memory software
ESCO.1180,Prototyping development
ESCO.1181,conduct mobile marketing
ESCO.1182,ICT performance analysis methods
ESCO.1183,analyse information systems
ESCO.1184,integrate system components
ESCO.1185,search engine optimisation
ESCO.1186,data science
ESCO.1187,create risk maps
ESCO.1188,ICT environmental policies
ESCO.1189,verify formal ICT specifications
ESCO.1190,distributed ledger technologies consensus protocols
ESCO.1191,create cadastral maps
ESCO.1192,apply control process statistical methods
ESCO.1193,develop animations
ESCO.1194,create infrared imagery
ESCO.1195,operate railway control panels
ESCO.1196,mobile marketing
ESCO.1197,enhance website visibility
ESCO.1198,Nexpose
ESCO.1199,implement cryptographic constructs
ESCO.1200,manage standard enterprise resource planning system
ESCO.1201,Internet of Things
ESCO.1202,DevOps
ESCO.1203,instruct library users in digital literacy
ESCO.1204,create website wireframe
ESCO.1205,install signal repeaters
ESCO.1206,concepts of telecommunications
ESCO.1207,use CAD for lasts
ESCO.1208,explain characteristics of computer peripheral equipment
ESCO.1209,analyse software specifications
ESCO.1210,THC Hydra
ESCO.1211,process data
ESCO.1212,OmniPage
ESCO.1213,operate an emergency communication system
ESCO.1214,supervise data entry
ESCO.1215,set up media storage 
ESCO.1216,use aeronautical mobile service communications
ESCO.1217,convert different audiovisual formats
ESCO.1218,use milk control software
ESCO.1219,apply digital security measures
ESCO.1220,Jenkins (tools for software configuration management)
ESCO.1221,automation technology
ESCO.1222,perform ICT security testing
ESCO.1223,operate machine tools
ESCO.1224,N1QL
ESCO.1225,maintain ICT server
ESCO.1226,operate 3D computer graphics software
ESCO.1227,tend CNC engraving machine
ESCO.1228,use IT tools
ESCO.1229,ICT network simulation
ESCO.1230,use microsoft office
ESCO.1231,design component interfaces
ESCO.1232,scan photos
ESCO.1233,carry out forum moderation
ESCO.1234,apply through-hole technology manually
ESCO.1235,promote prevention of social isolation
ESCO.1236,blockchain consensus mechanisms
ESCO.1237,define software architecture
ESCO.1238,web services
ESCO.1239,ICT power consumption
ESCO.1240,SAP Data Services
ESCO.1241,follow up online user requests
ESCO.1242,manage email hosting service
ESCO.1243,develop data processing applications
ESCO.1244,design automation components
ESCO.1245,operating systems
ESCO.1246,use fleet management system
ESCO.1247,ICT networking hardware
ESCO.1248,manage digital archives
ESCO.1249,system design
ESCO.1250,building information modelling
ESCO.1251,ICT process quality models
ESCO.1252,field-programmable gate arrays
ESCO.1253,software metrics
ESCO.1254,health informatics
ESCO.1255,create data models
ESCO.1256,maintain ICT system
ESCO.1257,evaluate translation technologies
ESCO.1258,implement ICT recovery system
ESCO.1259,tune up wireless audio systems
ESCO.1260,cybernetics
ESCO.1261,install electronic communication devices on trains
ESCO.1262,control panel components
ESCO.1263,blockchain mining principles
ESCO.1264,use special hearing equipment for tests
ESCO.1265,collect cyber defence data
ESCO.1266,design user interface
ESCO.1267,implement data warehousing techniques
ESCO.1268,manage ICT semantic integration
ESCO.1269,use agricultural information systems and databases
ESCO.1270,use personal organization software
ESCO.1271,fibre optics
ESCO.1272,identify ICT security risks
ESCO.1273,design sensors
ESCO.1274,design electronic systems
ESCO.1275,set up broadcast equipment
ESCO.1276,data models
ESCO.1277,use internet chat
ESCO.1278,perform software recovery testing
ESCO.1279,microchip scanners
ESCO.1280,perform energy simulations
ESCO.1281,Capture One
ESCO.1282,model sensor
ESCO.1283,Scala
ESCO.1284,natural language processing
OSN.1,Contextual Analysis
OSN.2,Business Ethics Strategies Analysis
OSN.3,Business Context Ethics Analysis
OSN.4,Create a Plan to Achieve Goals
OSN.5,Identify the Benefits of Self-Motivated Goals
OSN.6,Create Self-Motivated Goals
OSN.7,Identify Self-Motivation Activities
OSN.8,Prevent Burnout
OSN.9,Develop Action Plans
OSN.10,Plan a Schedule in Advance
OSN.11,Re-evaluate a Point of View
OSN.12,Collaborate to Solve Challenges
OSN.13,Create a Goal Plan
OSN.14,Evaluate Results Against Predetermined Goals
OSN.15,Implement a Plan
OSN.16,Organize Project into Daily Tasks
OSN.17,Track Task Deadlines
OSN.18,Schedule Due Dates
OSN.19,Define Productivity Processes
OSN.20,Work with a Team
OSN.21,Implement Teamwork-Fostering Processes
OSN.22,Technology Assessment
OSN.23,Define Data to be Organized
OSN.24,Usage Data Structure Creation
OSN.25,"Strengths, Weaknesses, Opportunities, and Threats (SWOT) Diagram Completion"
OSN.26,Awareness of Harmful Practices
OSN.27,Areas for Improved Efficiency Identification
OSN.28,Penetration Testing Solutions Development
OSN.29,Develop Performance Evaluation Plans
OSN.30,Process Design Participation
OSN.31,Software Development Standards Development
OSN.32,Capacity Model Development
OSN.33,Maintain Development Life Cycle
OSN.34,Complex Database Management
OSN.35,Consistent Business Processes Execution
OSN.36,Code Organization
OSN.37,Memory Architectures Differentiation
OSN.38,Parallel Algorithm Design
OSN.39,Parallel Algorithm Implementation
OSN.40,Thread Lock Identification
OSN.41,Simulated Attacks Documentation
OSN.42,Current Performance Baseline
OSN.43,Optimal Performance Determination
OSN.44,System Part Identification
OSN.45,System Part Modification
OSN.46,System Performance Measurement
OSN.47,Function Type Differentiation
OSN.48,JOINs Differentiation
OSN.49,Query Optimization
OSN.50,Table Partitioning Application
OSN.51,View Materialization Application
OSN.52,View Partitioning Application
OSN.53,Goal Identification
OSN.54,Goal-Setting Theory Techniques Application
OSN.55,Priority List Creation
OSN.56,Task Completion Time Estimation
OSN.57,Create Time Series Line Chart
OSN.58,Perform Time-Series Data Interpolation
OSN.59,Determine Time-Series Analysis Use
OSN.60,Identify Critical Pathways
OSN.61,Estimate Human Resources
OSN.62,Establish Deliverable Timeframes
OSN.63,Project Task Delay Communication
OSN.64,Resource Allocation for Project Completion
OSN.65,Role Involvement Timeframe Estimation
OSN.66,Task Completion Timeframe Estimation
OSN.67,Identify the Problem
OSN.68,Implement Potential Solutions
OSN.69,Problem Description
OSN.70,Problem Reproduction
OSN.71,Identify Potential Solutions
OSN.72,Troubleshoot Problems via Computer Programming
OSN.73,Work-Around Implementation
OSN.74,Code Baseline Creation
OSN.75,Code Reworking
OSN.76,Test Cases Creation
OSN.77,Define User Interface Layers
OSN.78,Clear Message Delivery
OSN.79,Code Quality Discussion
OSN.80,Communicate with Management
OSN.81,Communication Methods Deployment
OSN.82,Communication Technique Selection
OSN.83,Goal Achievement Communication
OSN.84,Software Development Communication
OSN.85,Idea Communication for Solutions
OSN.86,Identify Software Version Changes
OSN.87,Version Components Restoration
OSN.88,Transmit Data
OSN.89,Security Route Data
OSN.90,Business Logic Implementation
OSN.91,Data Stores Implementation
OSN.92,Differentiate Markup Languages
OSN.93,Plan for API
OSN.94,Idempotent Implementation
OSN.95,Apply Rate Limiting
OSN.96,Representational State Transfer (REST) Implementation
OSN.97,Simple Object Access Protocol (SOAP) Implementation
OSN.98,Design APIs
OSN.99,Implement APIs
OSN.100,Web Service Architecture Design
OSN.101,Web Service Architecture Implementation
OSN.102,Determine Web Service Consumption
OSN.103,Web Service API Testing
OSN.104,Web Services Creation Collaboration
OSN.105,Primary Key Creation
OSN.106,Physical Data Model Implementation
OSN.107,Design Conceptual Data Models
OSN.108,Referential Integrity Table Creation
OSN.109,Foreign Key Creation
OSN.110,Logical Data Model Creation
OSN.111,Structured Query Language (SQL) Queries Creation
OSN.112,Structured Query Language (SQL) Testing
OSN.113,Structured Query Language (SQL) Query Run
OSN.114,Structured Query Language (SQL) Scripts Maintenance
OSN.115,Database Joins Differentiation
OSN.116,Database Implementation
OSN.117,Structured Query Language (SQL) Scripts Creation
OSN.118,Script Task Identification
OSN.119,Conduct Software Design Reviews
OSN.120,Collaborative Troubleshooting
OSN.121,Data Point Alignment
OSN.122,Business Data Optimization
OSN.123,Data Repository Extraction
OSN.124,"Extract, Transform, and Load (ETL) Data Transformation"
OSN.125,Data Repository Loading
OSN.126,Audience Identification
OSN.127,Message Medium Identification
OSN.128,Computer Attacks Simulation
OSN.129,Systems Architecture Documentation
OSN.130,Virtual Storage Devices Creation
OSN.131,Application Architecture Recommendations
OSN.132,Existing Service Solution Design
OSN.133,Post-event Task Creation
OSN.134,System Architecture Documentation
OSN.135,Timed Input Task Creation
OSN.136,Enterprise Architecture Technologies Analysis
OSN.137,Virtual Computer Network Resources Creation
OSN.138,Resource Access Strategy Recommendation
OSN.139,Security Identity Solutions Development
OSN.140,Security Incidents Response Process Recommendation
OSN.141,Flexible Technology Solution Identification
OSN.142,Technology Service Selection
OSN.143,Data Manipulation
OSN.144,Computer Information Access
OSN.145,Best Solution Recommendation
OSN.146,Complex Problem Solving
OSN.147,Script Maintenance
OSN.148,Script Sharing
OSN.149,Script Writing
OSN.150,Challenge Solving Collaboration
OSN.151,User Interface Type Determination
OSN.152,Web Page Style Definition
OSN.153,Update Websites
OSN.154,Format Web Pages
OSN.155,Render Responsive Images
OSN.156,Implement Navigation
OSN.157,Create Web Pages and Documents
OSN.158,Website Purpose Identification
OSN.159,Leverage Website Frameworks
OSN.160,User Interface Design
OSN.161,Build Data Entry
OSN.162,User Interface Implementation
OSN.163,Website Navigation Organization
OSN.164,Identify VPN Issues and Usage
OSN.165,Information Transmission
OSN.166,Stored Personally Identifiable Information Identification
OSN.167,Latest Cyber-Security Threats Description
OSN.168,Industry Compliance Requirements Identification
OSN.169,Different Service Components Identification
OSN.170,Scale Differentiation
OSN.171,Cloud Software Value Articulation
OSN.172,Platform as a Service (PaaS) Identification
OSN.173,Simultaneous Processes Identification
OSN.174,Failure Point Determination
OSN.175,Software as a Service (SaaS) Model Use Cases Articulation
OSN.176,Software as a Service (SaaS) Revenue Initiatives identification
OSN.177,Cost and Licensing Considerations Identification
OSN.178,List Platform as a Service (PaaS) Advantages and Disadvantages
OSN.179,Platform as a Service (PaaS) Connection
OSN.180,Leveraging Opportunities Identification
OSN.181,Bottleneck Identification
OSN.182,Data Format-Based Application Design
OSN.183,Unneeded Technology Services Identification
OSN.184,Security Incident Response Solutions Design
OSN.185,Platform as a Service (PaaS) Implementation
OSN.186,Infrastructure as a Service (IaaS) Implementation
OSN.187,Software as a Service (SaaS) Implementation
OSN.188,Implement Information Encryption Methods
OSN.189,Data Aggregation
OSN.190,Identify Data Component Location
OSN.191,Identify Data Visibility Requirements
OSN.192,Implement Oracle Identity Analytics
OSN.193,Hardware Device Identification
OSN.194,Operating System Purpose
OSN.195,Storage and Memory Differentiation
OSN.196,Security Incident Response Solutions Development
OSN.197,Required Transmission Data Types Determination
OSN.198,Systems Intrusions Monitoring
OSN.199,Goal Adjustment
OSN.200,Technical Concepts Presentation
OSN.201,Backlog Tasks Prioritization
OSN.202,Debugging Prioritization
OSN.203,Optimization Prioritization
OSN.204,Product Development Tasks Prioritization
OSN.205,Code-Related Task Prioritization
OSN.206,Programming Task Prioritization
OSN.207,Implement Business Processes Improvement
OSN.208,Define Business Process Improvement Approach
OSN.209,Information Reporting
OSN.210,Develop Professional Skill Set
OSN.211,Code Editors Evaluation
OSN.212,Database Management Tools Evaluation
OSN.213,DevOps Tools Evaluation
OSN.214,Read-Evaluate-Print Loop (REPL) Tools Evaluation
OSN.215,Source Control Tool Selection
OSN.216,Manage Agile Projects
OSN.217,Customer Needs Documentation
OSN.218,Prototype Opportunity Identification
OSN.219,Minimum-Featured Prototype Design
OSN.220,Code Package Creation
OSN.221,Condition Evaluation
OSN.222,Item Storage
OSN.223,Loop iterating
OSN.224,Operator Coding
OSN.225,Python Function Call
OSN.226,Python Function Creation
OSN.227,Python Loop Application
OSN.228,Python Variables Declaration
OSN.229,String Assignment
OSN.230,Code Quality Improvement
OSN.231,Peer Review Enforcement
OSN.232,Peer Review Key Performance Indicators (KPI) Design
OSN.233,Plan Pipeline Testing
OSN.234,System Integration Tests Coordination
OSN.235,Testing Aspects Differentiation
OSN.236,Testing Strategy Creation
OSN.237,Unit Test Creation in Software Projects
OSN.238,Define Desired Qualities
OSN.239,Quality Control System Creation
OSN.240,Quality Control System Implementation
OSN.241,Reflective Body Language
OSN.242,Common Interests
OSN.243,Empathetic Communication
OSN.244,Viewpoint Summarization
OSN.245,Constraint Application
OSN.246,Data Type Application
OSN.247,Database Table Relationship Validation
OSN.248,Process Relational Database Data
OSN.249,Relational Database Data Updates
OSN.250,Organize Data with Columns
OSN.251,One to Many Relationship Implementation
OSN.252,Many to Many Relationship Implementation
OSN.253,Opposing Sources Evaluation
OSN.254,Bias Minimization
OSN.255,Architecture Research
OSN.256,External Services Technology Research
OSN.257,Programming Techniques Research
OSN.258,Source Reliability Validation
OSN.259,Leading-Edge Technical Solutions
OSN.260,Technical Research
OSN.261,Call Functions
OSN.262,Recursive Functions
OSN.263,Iterative Looping
OSN.264,Scala Function Creation
OSN.265,Scala Variables Declaration
OSN.266,Application Deployment Automation
OSN.267,Backup Automation
OSN.268,Disk Usage Check Creation
OSN.269,File Automation Creation
OSN.270,Log Maintenance
OSN.271,Script Documentation Creation
OSN.272,Script Task Creation
OSN.273,System Availability Checks
OSN.274,Barrier Identification
OSN.275,Divide Tasks into Sprints
OSN.276,Meeting Preparation
OSN.277,Product Backlog Work Documentation
OSN.278,Progress Reporting
OSN.279,Scrum Meeting Work Documentation
OSN.280,Software Problem Diagnosis
OSN.281,Sprint Planning Documentation
OSN.282,Task Time Estimation
OSN.283,Self-Motivation Maintenance
OSN.284,Skills Development Prioritization
OSN.285,Engage in Idea Research
OSN.286,Perform Tasks
OSN.287,Service Solution Development
OSN.288,Solution Performance Mapping
OSN.289,System Change Modeling
OSN.290,System Randomness Addition
OSN.291,Simultaneous Localization and Mapping (SLAM) Implementation
OSN.292,Check Understanding
OSN.293,Initiatives Articulation
OSN.294,Listen to Ideas
OSN.295,Uncertainty Vocalization
OSN.296,Business Requirements Identification
OSN.297,Software Architecture Development
OSN.298,Software Design Patterns Identification
OSN.299,Software Design Patterns Implementation
OSN.300,Software Design Patterns Optimization
OSN.301,Application Maintenance
OSN.302,LIVE Application Maintenance
OSN.303,Software Lifecycle Plan Specification
OSN.304,Source Code Creation Process Documentation
OSN.305,Source Code Creation Process Implementation
OSN.306,Source Code Goals Identification
OSN.307,Software Application Components Design
OSN.308,Software Design Reviews
OSN.309,Software Testing Environment Configuration
OSN.310,Code Commenting
OSN.311,Code Documentation Creation
OSN.312,Design Documentation Creation
OSN.313,Development Environment Plan
OSN.314,Development Tasks Plan
OSN.315,Software Engineering Best-Practices
OSN.316,System Design Change Assessment
OSN.317,Developer Design Collaboration
OSN.318,Software Systems Objectives Analysis
OSN.319,Software Application Update
OSN.320,Functionality Test Analysis
OSN.321,Test Scenario Recreation
OSN.322,Unit Test Script Design
OSN.323,Basic Spreadsheet Tasks
OSN.324,Data Creation
OSN.325,Data Updating
OSN.326,Perform Aggregations
OSN.327,Spreadsheet Data Organization
OSN.328,Database Schema Design
OSN.329,DELETE and TRUNCATE Differentiation
OSN.330,Queries Creation
OSN.331,SQL Statement Categories
OSN.332,Data Type Differentiation
OSN.333,Stress Testing Software Configuration
OSN.334,Stress Testing Troubleshooting
OSN.335,System Component Modification
OSN.336,Container Leveraging
OSN.337,Correlation Identifiers Leveraging
OSN.338,Event-Driven Microservices Design
OSN.339,Event-Driven Architecture Design
OSN.340,System Architecture Validation
OSN.341,System Architecture Design
OSN.342,System Data Design
OSN.343,Define Productivity Facilitation Processes
OSN.344,Joint Effort Goals Identification
OSN.345,Task Coordination
OSN.346,Team Goal Completion
OSN.347,Staff Development Path Creation
OSN.348,Innovative Idea Pursuit
OSN.349,Minimum Viable Product (MVP) Creation
OSN.350,Unconsidered Solutions Identification
OSN.351,Algorithms Inspection
OSN.352,Code Change Tracking
OSN.353,Code Hinting
OSN.354,Code Refactoring Maintenance
OSN.355,Integrated Development Environments (IDEs) and Text Editors Differentiation
OSN.356,Troubleshoot Algorithm Debugging
OSN.357,Application Integration Configuration
OSN.358,Application Integration Data Problems Identification
OSN.359,Process Diagram Creation
OSN.360,Process Steps Diagram Creation
OSN.361,Task Logic Analysis
OSN.362,Define a Process
OSN.363,Define an Input
OSN.364,Define an Output
OSN.365,List Conversion
OSN.366,Futures Values Extrapolation
OSN.367,Hyper Text Markup Language (HTML) Design
OSN.368,Input Validation
OSN.369,Interface Aesthetics Implementation
OSN.370,Interface Functionality Implementation
OSN.371,Interface Structure Implementation
OSN.372,Responsive Website Development
OSN.373,Searchability Optimization
OSN.374,Website Design with Accessibility Options
OSN.375,Full Stack Software Engineering Solutions Components Implementation
OSN.376,Full Stack Software Engineering Solutions Design
OSN.377,Full Stack Software Engineering Solutions Development
OSN.378,Tools and Services Recommendation
OSN.379,Build Google Cloud Continuous Integration and Continuous Delivery (CI/CD) Pipeline
OSN.380,Build Google Cloud-Reliant Programs
OSN.381,Cloud Build Software Implementation
OSN.382,Google Cloud Applications Development
OSN.383,Aggregate Data Architectures Implementation
OSN.384,Highly Resilient Hardware Cluster Implementation
OSN.385,Streaming Data Access Provision
OSN.386,3D Rendering Development
OSN.387,Client Browser Data Storage
OSN.388,Customer Website Development
OSN.389,Internet Games Development
OSN.390,Rendering Configuration Development
OSN.391,Web Application Development
OSN.392,Technology Resources Access Management
OSN.393,Image Compression Algorithms Differentiation
OSN.394,Image Filters Application
OSN.395,Perform Digital Image Transformation
OSN.396,Software Components Security Analysis
OSN.397,Information Collection System Design
OSN.398,Information System Potential Failure Points Identification
OSN.399,Idea Creation Experimentation
OSN.400,Fact Examination
OSN.401,Bias Recognition in Solutions
OSN.402,Goal Identification
OSN.403,Process Step Development
OSN.404,Commercial Program Customization
OSN.405,Architecture Analysis
OSN.406,Code Architecture Design
OSN.407,Detailed Plan Design
OSN.408,Detailed Plan Implementation
OSN.409,Procedure Adherence
OSN.410,Process Division
OSN.411,Technical Documentation Review
OSN.412,Technical Issue Cause Identification
OSN.413,Automated Testing Tool Design
OSN.414,Automated Testing Tool Development
OSN.415,Software Development Lifecycle Collaboration
OSN.416,Docker Services Creation
OSN.417,Dockerfile Path Configuration
OSN.418,Document Creation Method Provision
OSN.419,Document Data Integrity Provision
OSN.420,Document Versioning Control Provision
OSN.421,Document Workflow Capabilities Provision
OSN.422,Business Units Analysis
OSN.423,Lead Requirements-Gathering Sessions
OSN.424,Positive Technology Communication
OSN.425,Engage Actively in Meetings
OSN.426,Data Privacy Prioritization
OSN.427,Harm Identification
OSN.428,Inclusivity Prioritization
OSN.429,User Privacy Prioritization
OSN.430,Document Type Definition (DTD) Creation
OSN.431,Document Type Definition (DTD) Link Creation
OSN.432,Extensible Format Data Detection
OSN.433,Extensible Format Data Identification
OSN.434,Extensible Format Data Storage
OSN.435,Extensible Markup Language (XML) Data File Implementation
OSN.436,Extensible Markup Language (XML) Data File Structures Design
OSN.437,Extensible Markup Language (XML) Data Parsing Implementation
OSN.438,Extensible Markup Language (XML) Data-Driven Solutions Implementation
OSN.439,Extensible Markup Language (XML) Document Creation
OSN.440,Extensible Markup Language (XML) Export Development
OSN.441,Extensible Markup Language (XML) Format Explanation
OSN.442,Extensible Markup Language (XML) Import Development
OSN.443,Web Services Data Exchange
OSN.444,Data Cleansing Incorporation
OSN.445,Data Extraction Optimization
OSN.446,Duplicate Entities Consolidation
OSN.447,Data Consolidation in Staging
OSN.448,Staging Data Transformation
OSN.449,Windows-Based Application Creation with .NET Framework
OSN.450,.Net Framework Large-Scale Web Applications Troubleshooting
OSN.451,.Net Framework Service-Oriented Web Applications Troubleshooting
OSN.452,.Net Framework Version Selection
OSN.453,.Net Framework Windows-Based Applications Troubleshooting
OSN.454,Application Domain Creation
OSN.455,Data and Data Store Access
OSN.456,Large-Scale Web Application Build
OSN.457,Service-Oriented Application Build
OSN.458,Acceptance Test Data Variations Definition
OSN.459,Determine Acceptance Testing Discrepancies
OSN.460,User Experience Acceptance Test Design
OSN.461,Agile Kanban Board Management
OSN.462,Agile Solutions Development
OSN.463,Blocking Issue Communication
OSN.464,External Partners Agile Project Goal Accomplishment
OSN.465,Functionality Demonstration
OSN.466,Internal Partners Agile Project Goal Accomplishment
OSN.467,Agile Task Roadblock Identification
OSN.468,Classification
OSN.469,List Sorting
OSN.470,Recursive Function Writing
OSN.471,Amazon Gateway Application Programming Interface (API) Identification
OSN.472,Amazon Web Services (AWS) Application Collaboration Development
OSN.473,Amazon Web Services (AWS) Applications Development
OSN.474,Amazon Web Services (AWS) Internet of Things (IoT) Software Development
OSN.475,Build Amazon Web Services (AWS) Programs
OSN.476,Android Software Package Build
OSN.477,Build Apple IOS Mobile App
OSN.478,Algorithm Documentation
OSN.479,Application Architecture Diagrams Creation
OSN.480,Application Type Evaluation
OSN.481,Automated Software Testing Tools
OSN.482,Data Processing
OSN.483,Documented Application Development Solutions Design
OSN.484,Enable Collaborative Application Development
OSN.485,Native Application Solutions Development
OSN.486,Needs Visualization Design
OSN.487,Provide Customization Settings
OSN.488,Web Application Solutions Development
OSN.489,Write Secure Applications
OSN.490,Access Application Programming Interface (API) to Process Task
OSN.491,Access Application Programming Interface (API) to Retrieve Data
OSN.492,Application Programming Interface (API) Task Identification
OSN.493,Automated Testing Tools Development
OSN.494,Data Documentation
OSN.495,Database Selection
OSN.496,Interface Creation
OSN.497,Systems Engineering
OSN.498,Testing API
OSN.499,Code Creation for Processes
OSN.500,Relationship Design
OSN.501,Software Application Design
OSN.502,Software Application Solutions
OSN.503,Differentiate Between Artificial Intelligence and Machine Learning
OSN.504,Expert System Functionality Explanation
OSN.505,Optimal Value Finding
OSN.506,Data Formatting Software Development
OSN.507,Data Validation Software Development
OSN.508,File Processing Software Development
OSN.509,Notifications Software Development
OSN.510,Report Creation Software Development
OSN.511,Business Back-Up Requirements Identification
OSN.512,Determine Math Equation Operations
OSN.513,Math Equation Calculation
OSN.514,Math Function Diagram
OSN.515,Perform Array Arithmetic
OSN.516,Perform Data Structure Arithmetic
OSN.517,Perform Math Functions
OSN.518,Processing Model Development
OSN.519,New Product Development for Business Problems
OSN.520,Application Creation
OSN.521,Business Requirements Functional Testing Analysis
OSN.522,Business Requirements Task Prioritization
OSN.523,Business Requirements Work Estimation
OSN.524,Information System Analysis
OSN.525,Strategy Optimization Analysis
OSN.526,Business Requirements Translation to Technical Requirements
OSN.527,C Function Calling
OSN.528,C Function Creation
OSN.529,C Loop Implementation
OSN.530,C Variable Declaration
OSN.531,Dynamic Memory Allocation Identification
OSN.532,Element Passing
OSN.533,String Declaration
OSN.534,Struct Definition
OSN.535,Union Creation
OSN.536,Variable Storage
OSN.537,Code Creation For Scenario Variants
OSN.538,Windows-Based Application Creation with C#
OSN.539,C# Application Multi-Platform Development
OSN.540,C# Object-Oriented Programming Implementation
OSN.541,C# Solution Development
OSN.542,C# Solution Implementation
OSN.543,Class Implementation Control
OSN.544,Class Interpretation
OSN.545,Data Security Enforcement
OSN.546,Data Store Access
OSN.547,Design C# Solution Architectures
OSN.548,Inheritance Control
OSN.549,Method Security Enforcement
OSN.550,Structs from Classes Differentiation
OSN.551,Troubleshoot Application Performance Issues
OSN.552,C++ Function Calling
OSN.553,C++ Function Creation
OSN.554,C++ Loop Implementation
OSN.555,C++ Pointer Usage
OSN.556,C++ Variable Declaration
OSN.557,Access Method Creation with C++
OSN.558,Define a Member Variable  in C++
OSN.559,Member Function Creation with C++
OSN.560,Object-Oriented Class Creation with C++
OSN.561,C++ Singleton Class Creation
OSN.562,Mathematical Calculations Software Development
OSN.563,Cascading Style Sheets (CSS) Integration
OSN.564,Class Style Implementation
OSN.565,Code Separation
OSN.566,Element Style Implementation
OSN.567,External Style Sheet Implementation
OSN.568,ID Style Implementation
OSN.569,Inline Style Implementation
OSN.570,Style Design
OSN.571,Style Implementation
OSN.572,Goal Identification
OSN.573,Goal Implementation
OSN.574,Code Maintainability Evaluation
OSN.575,Code Readability Evaluation
OSN.576,Code Review Process Standardization
OSN.577,Code Review Scope Standardization
OSN.578,Provide Code Feedback
OSN.579,Collaborative Programming Capabilities Assessment
OSN.580,Collaborative Programming Needs Assessment
OSN.581,Collaborative Programming Teaching
OSN.582,Information Technology Issues Resolution
OSN.583,Software Development Collaboration Tools Selection
OSN.584,Information Clarification
OSN.585,Information Preparation
OSN.586,Information Provision
OSN.587,Listen to Opinions
OSN.588,Misunderstood Messages Minimization
OSN.589,Point of View Articulation
OSN.590,Computer and Software Task Improvement
OSN.591,Conditional and Logical Operator Differentiation
OSN.592,Error Type Differentiation
OSN.593,Recursion Explanation
OSN.594,Scoping Optimization
OSN.595,Selection Construct Application
OSN.596,Algorithm Performance Impact Interpretation
OSN.597,Central Processing Unit (CPU) Architecture Evolution Articulation
OSN.598,Central Processing Unit (CPU) Interaction Diagram
OSN.599,Central Processing Unit (CPU) Speed Evolution Articulation
OSN.600,Computer Performance Features Identification
OSN.601,Data Structure Solution Articulation
OSN.602,Memory Differentiation
OSN.603,Memory Interaction Diagram
OSN.604,Memory Organization Description
OSN.605,Object-Oriented Programming Expression
OSN.606,Operating System Differentiation
OSN.607,Program Central Processing Unit (CPU) Access Explanation
OSN.608,Program Counter (PC) Interaction Diagram
OSN.609,Program Expansion Demonstration
OSN.610,Programming Language Differences Articulation
OSN.611,Register Interaction Diagram
OSN.612,Configuration Manager Identification
OSN.613,Consistent Process Leadership
OSN.614,Process and Product Optimization Identification
OSN.615,Value-Add Improvement Execution
OSN.616,Version Control Software Integration
OSN.617,Application Development Alignment
OSN.618,"Application, Service, or Data Store Design"
OSN.619,"Application, Service, or Data Store Engineering"
OSN.620,Code and Services Coordination
OSN.621,Code Coordination
OSN.622,System Development Coordination
OSN.623,Devise Efficient Business Processes
OSN.624,Work-Related Issue Solution
OSN.625,Computer Program Application Designing
OSN.626,Information Research
OSN.627,Logical Information Evaluation
OSN.628,Customer Experience Assessment
OSN.629,Customer Priorities Assessment
OSN.630,Customer Satisfaction Evaluation
OSN.631,Application and Service Defect Remediation
OSN.632,Application and Service Defect Troubleshooting
OSN.633,Application and Service Support
OSN.634,Development Tasks Coordination
OSN.635,Actionable Insight Articulation
OSN.636,Data Need Documentation
OSN.637,Leverage Reporting Technologies
OSN.638,Reporting Needs Improvement Identification
OSN.639,Visual Dashboard Building
OSN.640,Data Quality and Quantity Evaluation
OSN.641,Legal Data Compliance Support
OSN.642,Business Application Database Design
OSN.643,Data Architecture Model Development
OSN.644,Database Application Interface Design
OSN.645,Analytics Infrastructure Creation
OSN.646,Data Architecture Creation
OSN.647,Data Set Processes Creation
OSN.648,Data Entry Optimization
OSN.649,Input Action Execution
OSN.650,Data Access Provision
OSN.651,Perform Data Processing
OSN.652,Graphic Pipeline Implementation
OSN.653,HTTP Pipelining Implementation
OSN.654,Instruction Pipeline Implementation
OSN.655,Software Pipeline Implementation
OSN.656,Data Summary Report Design
OSN.657,Data Summary Report Generation
OSN.658,Media Content Interface Guideline Development
OSN.659,Media Content Interface Guideline Documentation
OSN.660,Technology-Related Documentation
OSN.661,Data Structure Map Creation
OSN.662,Data Structure Operation
OSN.663,"List, Stack, and Queue Differentiation"
OSN.664,Business Problem Visualization Creation
OSN.665,Color-Blindness Chart Building
OSN.666,Database Issue Corrections
OSN.667,Database Issue Troubleshooting
OSN.668,Database Connection
OSN.669,Query Result Exporting
OSN.670,View Database Table
OSN.671,Microsoft SQL Server Data Entity Implementation
OSN.672,Microsoft SQL Server Data Entity Planning
OSN.673,Microsoft SQL Server Data Entity Testing
OSN.674,Write Data Validation SQL Scripts
OSN.675,Application Profiling Debugging Assessment
OSN.676,Database Storage Assessment
OSN.677,Validate Changes
OSN.678,File Log Debugging Analysis
OSN.679,Filesystem Storage Assessment
OSN.680,Explain Hypertext Transfer Protocol (HTTP) Status Code
OSN.681,Log Analysis
OSN.682,Log Reconciliation
OSN.683,Monitor System Performance Debugging
OSN.684,Network Connectivity Troubleshooting
OSN.685,Perform Software Debugging
OSN.686,Permission Assessment
OSN.687,Software Issues User Feedback Documentation
OSN.688,System Software Issue Resolution
OSN.689,Determine Course of Action
OSN.690,Decision Assessment
OSN.691,Needs Consideration
OSN.692,Possible Solution Evaluation
OSN.693,Create Diagrams
OSN.694,Deep Learning Model Training
OSN.695,Graphics Processing Unit (GPU) Advantage Description
OSN.696,Basic Calculations
OSN.697,Low-Fidelity Prototype Creation
OSN.698,High-Fidelity Prototype Build
OSN.699,Test Scenario and Question Preparation
OSN.700,System Performance Modification
OSN.701,Report Recommendations Verification
OSN.702,Prioritize Tasks by Importance
OSN.703,Adapt Personal Actions and Ideas
OSN.704,Conceptual Model Development
OSN.705,Cost Classification Application
OSN.706,Collaborate for Consensus
OSN.707,Solution Development
OSN.708,Process Design Participation
OSN.709,Status Reports Provision
OSN.710,Develop Compliance Processes
OSN.711,Applicable Quality Standards Identification
OSN.712,Failed System Analysis
OSN.713,Personal Decision Ownership
OSN.714,Air Quality Action
OSN.715,Air Quality Compliance
OSN.716,Pollutant Concentration Estimation
OSN.717,Monitor Air Quality
OSN.718,Change Management Process Implementation
OSN.719,Chemical Exposure Prevention
OSN.720,Risk-Based Screening Analysis
OSN.721,Ventilation Provision
OSN.722,System Design Conceptual Model Development
OSN.723,Implemented Solution Effectiveness Measurement
OSN.724,Incremental Improvement Development
OSN.725,Incremental Improvement Implementation
OSN.726,Operating and Testing Procedure Documentation
OSN.727,Quality Management Systems (QMS) Monitoring
OSN.728,System Inputs and Outputs Auditing
OSN.729,Resource Restrictions
OSN.730,Process Failure Investigation
OSN.731,Equipment and Process Efficiency Improvement
OSN.732,Solution Options Evaluation
OSN.733,Task Action Cause-and-Effect Identification
OSN.734,Task Instructions
OSN.735,Component Data Measurement
OSN.736,Component Cause and Effect
OSN.737,Operational Budget Preparation
OSN.738,Business Systems Development
OSN.739,Machinery Operation Training
OSN.740,Engineering Algorithms Application
OSN.741,Hypothesis Life Cycle Management
OSN.742,Scientific Method Enforcement
OSN.743,Engineered Items Requirements Definition
OSN.744,Functional Relationship Views Development
OSN.745,Product Design Drawings Creation
OSN.746,Engineering Data Set Gathering
OSN.747,Engineering Mathematical Methods Application
OSN.748,Standard Operating Procedures (SOPs)
OSN.749,Manage Compliance Records
OSN.750,Environmental Hazards Analysis
OSN.751,Environmental Hazards Evaluation
OSN.752,Environmental Health Compliance Violations Identification
OSN.753,Environmental Interactions Identification
OSN.754,Laboratory Data Recording
OSN.755,Technology Metrics Comparative Evaluation Completion
OSN.756,Detail Failure Scenario Requirements
OSN.757,Failure Mode and Effects Analysis (FMEA) Ground Rules Defining
OSN.758,Potential Failure Points Review
OSN.759,Hazardous Chemicals Handling Systems Implementation
OSN.760,Hazardous Material Clean-Up Preparation
OSN.761,Hazardous Waste Transport Identification
OSN.762,Optimizing Safety in Work Activities Analysis
OSN.763,Tooling and Fixtures Modification
OSN.764,Work Station Safety Design Evaluation
OSN.765,Perform Optimization Study
OSN.766,Production Data Analysis
OSN.767,Production Process Time Calculation
OSN.768,Industrial Tool Maintenance
OSN.769,Industrial Tools Procurement
OSN.770,Industrial Tools Training
OSN.771,Worker Injury Statistics
OSN.772,Idea Implementation
OSN.773,Ideas Brainstorming
OSN.774,Instrumentation Calibration
OSN.775,Instrumentation Purpose Explanation
OSN.776,Interpret instrumentation Results
OSN.777,Troubleshoot Linked Subsystems
OSN.778,Eliminate Redundancy
OSN.779,Systems Communication Development
OSN.780,Basic Motions Normal Time Calculation
OSN.781,Basic Motions Time Values Assignment
OSN.782,Work Process Basic Motions Identification
OSN.783,Equipment Breakdown Frequencies Analysis
OSN.784,Equipment Efficiency Plans Development
OSN.785,Master Task List Creation
OSN.786,Task Importance Evaluation
OSN.787,Potential Solutions Documentation
OSN.788,Countermeasures Development
OSN.789,Process Data Evaluation
OSN.790,Statistical Process Control (SPC) Implementation
OSN.791,Business Process Documentation for Alternate Workflows
OSN.792,Process Optimization
OSN.793,Requisition Preparation
OSN.794,Supplier Contract Negotiation
OSN.795,Operational Capacity Plan Development
OSN.796,Product Demand Forecasting
OSN.797,Task Resources Determination
OSN.798,Productivity Deficiency Identification
OSN.799,Productivity Trends Identification
OSN.800,Quality Compliance Actions Identification
OSN.801,Compliant Culture Promotion
OSN.802,Develop Regulatory Training
OSN.803,Safety Protocols Actions Identification
OSN.804,Safety Standards Compliance Processes Development
OSN.805,Safety Standards Identification
OSN.806,Chemical Spills Notification
OSN.807,Follow Spill Containment Guidelines
OSN.808,Hazardous Material Handling
OSN.809,Job Task Steps Development
OSN.810,Process Data Analysis
OSN.811,Process Steps Inefficiencies Identification
OSN.812,Statement of Work (SOW) Creation
OSN.813,Subcontracting Capabilities Identification
OSN.814,Component Purpose Analysis
OSN.815,System Change Life Cycle Management
OSN.816,System Failure Points Identification
OSN.817,Testing Scenarios Development
OSN.818,Test Phase Purpose Plan Development
OSN.819,Test Protocols Writing
OSN.820,Test Results Report Summary Writing
OSN.821,Logic and Reasoning Strengths and Weaknesses Identification
OSN.822,Process Redesign
OSN.823,Vendor Identification
OSN.824,Identify Problematic Factors
OSN.825,Create Goal-Tracking Project Plans
OSN.826,Collaborate to Resolve Issues
OSN.827,Communicate a Project's Purpose
OSN.828,Labor and Cost Estimation
OSN.829,Market Research
OSN.830,Identify Available Resources
OSN.831,Employee Performance Evaluation
OSN.832,Define Employee Progress Targets
OSN.833,Professional Development Identification
OSN.834,Social Media Channels Identification
OSN.835,Outcomes Identification
OSN.836,Proposed Solution Risks Identification
OSN.837,Team Activities Organization
OSN.838,Trust Creation
OSN.839,Decision-Making Alternatives Evaluation
OSN.840,Decision-Making Constraint Identification
OSN.841,Decision-Making Activity Goals
OSN.842,Alternative Task Process Creation
OSN.843,Provide Action Performance Needs Information
OSN.844,Task Completion Order List Creation
OSN.845,Implement Verbal Communication Improvement Ideas
OSN.846,Verbal Communication Style Adaptation
OSN.847,Project Selection
OSN.848,Action Recommendation
OSN.849,External Influence
OSN.850,Objective and Strategy Articulation
OSN.851,Event Planning
OSN.852,Corporate Culture Development
OSN.853,Employee Coaching
OSN.854,Disaster Impact
OSN.855,Project Division
OSN.856,Pattern Identification
OSN.857,Employee Information Communication
OSN.858,Staff Performance Feedback Provision
OSN.859,Stakeholder Communication
OSN.860,Electronic Document Creation
OSN.861,Electronic Spreadsheet Implementation
OSN.862,Budget Coordination
OSN.863,Process Scheduling Coordination
OSN.864,Research-Based Solutions
OSN.865,Risk Analysis
OSN.866,Grant Proposal Writing
OSN.867,Creative Solutions Encouragement
OSN.868,Industry Innovations Networking Participation
OSN.869,Generate Ideas with Stakeholders
OSN.870,Integration Importance Communication
OSN.871,Specialized Teams Organization
OSN.872,Attitude-Changing Message Development
OSN.873,Validate Claims with Facts
OSN.874,Identify the Goal of a Persuasive Message
OSN.875,Define Presentation Content
OSN.876,In-Person Presentation Delivery
OSN.877,Presentation Target Audience Identification
OSN.878,Issue Scope Identification
OSN.879,Problems Root Cause Identification
OSN.880,Communication Coordination
OSN.881,Program Performance Monitoring
OSN.882,Frequently Asked Questions and Answers Creation
OSN.883,Measure Public Relations Campaign Effectiveness
OSN.884,Relationship Cultivation
OSN.885,Prioritize Information in a Presentation
OSN.886,Vision and Mission Statement Development
OSN.887,Message Set Building
OSN.888,Press Release Writing
OSN.889,Spokespeople Training
OSN.890,New Solution Identification
OSN.891,Novel Procedure Development
OSN.892,Customer-Specific Events Creation
OSN.893,Gather Leads Process Creation
OSN.894,Prospective Donors Identification
OSN.895,Solicitation Contribution Campaign Creation
OSN.896,Tax Exemption Status Documentation Creation
OSN.897,Grant Application Accuracy Review
OSN.898,Grant Eligibility Requirements Review
OSN.899,Grant Funding Need or Focus Identification
OSN.900,Grant Funding Sources Research
OSN.901,Integrated Planning Framework Creation
OSN.902,Employee Conflict Mediation
OSN.903,Goal Objectives Planning
OSN.904,Company Spokespeople Training
OSN.905,Press Releases Creation
OSN.906,Press Releases Development
OSN.907,Earn Certifications
OSN.908,Conduct Public Policy Programs Research
OSN.909,Social Media Traffic Analysis
OSN.910,Employee Skills Development
OSN.911,Stakeholder Relationships Establishment
OSN.912,Support Groups Building
OSN.913,Ask Open-Ended Questions to Facilitate Discussion
OSN.914,Document Management System Implementation
OSN.915,Build a Social Media Activities Calendar
OSN.916,Product Hashtags Creation
OSN.917,Social Medial Influencers Engagement
OSN.918,Social Media Channel Content Addition
OSN.919,Product Activity Tracking
OSN.920,Understand Needs by Questioning
OSN.921,Relationships Development
OSN.922,Working Relationships Establishment
OSN.923,Industry Trends White Paper Creation
OSN.924,Topic Information Gathering
OSN.925,Business-Related Goals Development
OSN.926,Team-Building Exercises Creation
OSN.927,Team-Building Process Design
OSN.928,Brainstorming Sessions Facilitation
OSN.929,Team Member Guidance
OSN.930,Project Status Updates Provision
OSN.931,Team Goals Development
OSN.932,Team Milestones Tracking